Gender,Married,Education,Self_Employed,ApplicantIncome,LoanAmount,Loan_Amount_Term,Property_Area,Loan_Status,Dependents_0,Dependents_1,Dependents_2,Dependents_3+
1,0,0,0,0.07299082285068836,-0.3027591857961114,0.2732312961117544,2,1,1.0,0.0,0.0,0.0
1,1,0,0,-0.13441195378345122,-0.20764834410830768,0.2732312961117544,0,0,0.0,1.0,0.0,0.0
1,1,0,1,-0.3937473372051281,-0.9447573671887864,0.2732312961117544,2,1,1.0,0.0,0.0,0.0
1,1,1,0,-0.4620624697931504,-0.3027591857961114,0.2732312961117544,2,1,1.0,0.0,0.0,0.0
1,0,0,0,0.09772843680942066,-0.05309322636562664,0.2732312961117544,2,1,1.0,0.0,0.0,0.0
1,1,0,1,0.0022183113925933404,1.4449025302172818,0.2732312961117544,2,1,0.0,0.0,1.0,0.0
1,1,1,0,-0.5030187842943628,-0.599980566070498,0.2732312961117544,2,1,1.0,0.0,0.0,0.0
1,1,0,0,-0.38784962791695354,0.14901731222095624,0.2732312961117544,1,0,0.0,0.0,0.0,1.0
1,1,0,0,-0.22893912765224944,0.2679058643307109,0.2732312961117544,2,1,0.0,0.0,1.0,0.0
1,1,0,0,1.2184570268205968,2.4197886575172696,0.2732312961117544,1,0,0.0,1.0,0.0,0.0
1,1,0,0,-0.3609822856041582,-0.8972019463448846,0.2732312961117544,2,1,0.0,0.0,1.0,0.0
1,1,0,0,-0.4756599662075529,-0.43353659311684145,0.2732312961117544,2,1,0.0,0.0,1.0,0.0
1,1,0,0,-0.38178809337077413,0.6483492310819257,0.2732312961117544,2,1,0.0,0.0,1.0,0.0
1,0,0,0,-0.5816549081366906,-0.37409231706196416,0.2732312961117544,0,0,1.0,0.0,0.0,0.0
1,1,0,0,-0.6724141010713773,-1.527311272526584,-3.4548579441686273,2,1,0.0,0.0,1.0,0.0
1,0,0,0,-0.07428808409567142,-0.24331490974123407,0.2732312961117544,2,1,1.0,0.0,0.0,0.0
1,0,1,0,-0.29610748343423776,-0.5405362900156206,-1.5908133240284363,2,1,0.0,1.0,0.0,0.0
0,0,0,0,-0.31019645562265485,-0.8258688150790318,0.2732312961117544,2,0,1.0,0.0,0.0,0.0
1,1,1,0,-0.08460907534997694,-0.14820406805343034,0.2732312961117544,0,0,1.0,0.0,0.0,0.0
1,1,0,0,-0.45927744040706797,-0.3622034618509887,0.2732312961117544,2,1,1.0,0.0,0.0,0.0
1,1,1,0,0.369678365097471,-0.4929808691717188,0.2732312961117544,2,0,1.0,0.0,0.0,0.0
1,1,0,0,0.09035630019920242,2.015567580344104,0.2732312961117544,2,1,0.0,1.0,0.0,0.0
1,1,1,0,-0.45927744040706797,-0.35031460664001324,0.2732312961117544,1,0,1.0,0.0,0.0,0.0
1,1,1,0,-0.33395111803335803,-0.3978700274839151,0.2732312961117544,0,0,0.0,0.0,1.0,0.0
1,1,0,0,-0.27628462721565095,0.065795325744128,0.2732312961117544,1,0,0.0,1.0,0.0,0.0
1,1,0,1,0.6809463553066852,0.5413495341831466,0.2732312961117544,1,1,1.0,0.0,0.0,0.0
1,1,0,0,-0.4266762140641029,-0.27898147537416046,0.2732312961117544,1,1,1.0,0.0,0.0,0.0
1,1,1,0,-0.19289757089118253,-0.421647737905866,0.2732312961117544,2,1,0.0,0.0,1.0,0.0
1,0,1,0,-0.6489870891766838,-1.3133118787290259,0.2732312961117544,2,0,1.0,0.0,0.0,0.0
0,0,0,0,-0.2708783937014909,-0.3027591857961114,0.2732312961117544,1,1,0.0,0.0,1.0,0.0
1,1,0,0,-0.2027270863714735,0.6602380862929011,0.2732312961117544,2,0,0.0,1.0,0.0,0.0
1,0,0,0,-0.36638851911831827,-0.8496465255009827,0.2732312961117544,2,0,1.0,0.0,0.0,0.0
1,0,0,1,-0.11655500066092261,-0.46920315874976787,0.2732312961117544,0,0,0.0,1.0,0.0,0.0
1,1,0,0,-0.3118347082027033,-0.37409231706196416,0.2732312961117544,1,1,1.0,0.0,0.0,0.0
1,0,0,0,1.162592613840943,2.0750118563989814,0.2732312961117544,0,0,0.0,0.0,0.0,1.0
1,1,0,0,-0.512520649258644,-0.3027591857961114,0.2732312961117544,2,1,1.0,0.0,0.0,0.0
1,1,0,0,-0.5857505395868119,-0.5405362900156206,0.2732312961117544,2,0,1.0,0.0,0.0,0.0
0,1,0,0,-0.28447589011589347,-0.01742666073270025,0.2732312961117544,1,1,1.0,0.0,0.0,0.0
1,0,0,0,-0.2027270863714735,0.4581275477063183,0.2732312961117544,2,1,1.0,0.0,0.0,0.0
1,0,1,0,-0.2712060442175006,-0.421647737905866,0.2732312961117544,1,1,1.0,0.0,0.0,0.0
1,0,0,0,-0.2954521824022184,-0.7783133942351299,0.2732312961117544,2,0,1.0,0.0,0.0,0.0
1,0,0,0,-0.5903376468109477,-1.1706456161973202,0.2732312961117544,2,1,1.0,0.0,0.0,0.0
1,1,0,0,-0.4920424920080379,-0.8377576702900073,0.2732312961117544,2,1,1.0,0.0,0.0,0.0
1,1,0,0,-0.23958776942256466,-0.13631521284245487,0.2732312961117544,1,1,1.0,0.0,0.0,0.0
1,1,1,1,-0.11606352488690806,-0.5880917108595225,0.2732312961117544,2,1,1.0,0.0,0.0,0.0
0,0,0,0,-0.3265789814231398,-0.6832025525473262,0.2732312961117544,2,1,1.0,0.0,0.0,0.0
1,1,0,0,0.04022577124971845,-1.2063121818302467,0.2732312961117544,2,1,0.0,1.0,0.0,0.0
1,1,0,0,0.06840371562655258,-0.01742666073270025,0.2732312961117544,2,1,1.0,0.0,0.0,0.0
0,1,0,0,-0.45190530379684973,-0.3027591857961114,0.2732312961117544,2,0,1.0,0.0,0.0,0.0
0,0,0,0,-0.22992207920027855,-0.01742666073270025,0.2732312961117544,1,1,1.0,0.0,0.0,0.0
0,1,1,0,-0.5693680137863268,-0.5405362900156206,0.2732312961117544,1,1,1.0,0.0,0.0,0.0
0,0,0,0,-0.3796583650167111,-0.3027591857961114,0.2732312961117544,1,1,1.0,0.0,0.0,0.0
0,0,0,0,-0.19224226985916312,-0.3978700274839151,0.2732312961117544,1,0,1.0,0.0,0.0,0.0
1,1,0,0,-0.1290057202692912,-0.13631521284245487,0.2732312961117544,2,0,0.0,0.0,1.0,0.0
0,1,0,1,0.9987673558360934,1.6707907792258156,0.2732312961117544,2,0,0.0,1.0,0.0,0.0
1,1,0,0,-0.4415843125425442,-0.576202855648547,0.2732312961117544,1,1,0.0,0.0,1.0,0.0
1,1,0,0,-0.5359476611533376,-0.5880917108595225,0.2732312961117544,1,1,1.0,0.0,0.0,0.0
1,1,0,0,-0.3337872927753532,-0.12442635763147943,0.2732312961117544,0,0,1.0,0.0,0.0,0.0
1,1,0,0,0.4384849734595078,0.41057212686241645,0.2732312961117544,2,1,0.0,1.0,0.0,0.0
1,1,1,0,-0.3352617200973968,-0.01742666073270025,0.2732312961117544,2,1,0.0,0.0,1.0,0.0
1,1,0,0,-0.4756599662075529,-0.3027591857961114,0.2732312961117544,2,1,1.0,0.0,0.0,0.0
1,1,0,0,-0.38899640472298747,-0.5524251452265961,0.2732312961117544,2,1,0.0,0.0,0.0,1.0
1,1,1,1,-0.4578030130850243,0.23223929869778448,-2.5228356340985316,0,0,1.0,0.0,0.0,0.0
1,1,0,0,-0.07510721038569566,-0.3027591857961114,0.2732312961117544,0,0,0.0,1.0,0.0,0.0
0,0,0,0,-0.2027270863714735,-0.35031460664001324,0.2732312961117544,1,0,1.0,0.0,0.0,0.0
1,1,0,0,0.052840316116091864,1.3379028333185026,0.2732312961117544,1,0,1.0,0.0,0.0,0.0
1,0,1,0,-0.3609822856041582,-0.2314260545302586,-2.5228356340985316,2,0,1.0,0.0,0.0,0.0
1,1,0,0,0.8758984123324562,1.9799010147111775,0.2732312961117544,2,1,0.0,1.0,0.0,0.0
1,1,1,1,0.2779362206147552,-0.24331490974123407,-4.386880254238722,2,1,0.0,0.0,0.0,1.0
0,0,0,0,-0.18077450179882365,-0.11253750242050396,0.2732312961117544,1,0,1.0,0.0,0.0,0.0
1,1,0,0,-0.3596716835401194,0.31546128517461275,0.2732312961117544,2,1,1.0,0.0,0.0,0.0
1,1,1,1,-0.5780507524605839,-0.576202855648547,0.2732312961117544,1,1,0.0,0.0,1.0,0.0
1,0,0,0,-0.3118347082027033,-0.7664245390241544,-0.6587910139583409,1,1,1.0,0.0,0.0,0.0
1,1,1,0,-0.10623400940661709,-0.599980566070498,0.2732312961117544,1,0,0.0,0.0,0.0,1.0
1,1,0,1,-0.02251930256613895,0.49379411333924467,0.2732312961117544,1,1,0.0,0.0,0.0,1.0
1,0,0,0,-0.2708783937014909,-0.3859811722729396,2.1372759162519452,2,0,1.0,0.0,0.0,0.0
1,0,0,0,-0.2708783937014909,0.3630167060185146,0.2732312961117544,2,0,1.0,0.0,0.0,0.0
1,1,0,1,-0.7213978532148273,-0.421647737905866,0.2732312961117544,2,0,0.0,1.0,0.0,0.0
1,1,0,0,-0.36638851911831827,0.41057212686241645,-0.6587910139583409,1,0,0.0,0.0,0.0,1.0
1,1,1,1,-0.3391935262895132,-0.18387063368635673,0.2732312961117544,1,1,0.0,0.0,0.0,1.0
0,0,0,0,-0.25515116893302536,-0.4097588826948905,0.2732312961117544,1,1,1.0,0.0,0.0,0.0
1,1,0,1,-0.49286161829806213,-0.3027591857961114,0.2732312961117544,1,1,0.0,1.0,0.0,0.0
0,1,0,0,-0.6594719056889942,0.2560170091197354,0.2732312961117544,2,0,0.0,0.0,1.0,0.0
1,1,0,0,0.09772843680942066,1.4211248197953308,0.2732312961117544,1,0,1.0,0.0,0.0,0.0
1,1,0,0,-0.23188798229633673,-1.1349790505643937,-1.5908133240284363,2,1,0.0,1.0,0.0,0.0
1,0,0,0,-0.4976125507802028,-0.11253750242050396,0.2732312961117544,1,1,1.0,0.0,0.0,0.0
1,1,1,0,-0.3391935262895132,-0.5524251452265961,0.2732312961117544,1,1,0.0,0.0,1.0,0.0
1,1,0,0,-0.4756599662075529,-0.4929808691717188,0.2732312961117544,1,1,1.0,0.0,0.0,0.0
1,0,0,0,0.5181040488498647,0.7672377831916803,0.2732312961117544,2,1,1.0,0.0,0.0,0.0
1,1,0,0,0.047761733117941525,0.3511278508075391,0.2732312961117544,1,1,1.0,0.0,0.0,0.0
1,1,0,0,-0.4006279980413318,-0.17198177847538126,0.2732312961117544,1,1,1.0,0.0,0.0,0.0
1,1,0,0,0.13868475131063304,0.5056829685502201,-2.5228356340985316,1,1,0.0,0.0,1.0,0.0
1,1,1,0,-0.3490230417698042,-0.7664245390241544,0.2732312961117544,2,1,0.0,0.0,1.0,0.0
1,0,0,0,-0.20813331988563355,-0.27898147537416046,0.2732312961117544,1,1,1.0,0.0,0.0,0.0
1,0,1,0,-0.2921756772421214,-1.4322004308387803,-3.4548579441686273,1,1,1.0,0.0,0.0,0.0
1,0,0,0,0.22583978856921302,-0.3027591857961114,0.2732312961117544,2,0,1.0,0.0,0.0,0.0
0,1,0,0,-0.4782811703356305,-0.1006486472095285,0.2732312961117544,1,1,1.0,0.0,0.0,0.0
1,1,0,0,-0.5613405761440893,-1.1349790505643937,0.2732312961117544,1,1,1.0,0.0,0.0,0.0
1,1,1,0,-0.19912293069536682,-0.3622034618509887,-2.5228356340985316,1,1,1.0,0.0,0.0,0.0
1,1,0,0,-0.5970544823891465,-0.17198177847538126,0.2732312961117544,1,1,1.0,0.0,0.0,0.0
1,1,1,0,-0.18274040489488186,-0.14820406805343034,-2.5228356340985316,2,1,0.0,0.0,1.0,0.0
1,0,0,0,-0.09181738670219032,0.065795325744128,0.2732312961117544,1,1,1.0,0.0,0.0,0.0
1,1,0,0,1.35099166054652,-0.3027591857961114,0.2732312961117544,2,1,1.0,0.0,0.0,0.0
1,1,0,0,-0.1231080109811166,-0.3027591857961114,0.2732312961117544,1,1,1.0,0.0,0.0,0.0
1,1,0,0,-0.26006592667317086,0.17279502264290716,0.2732312961117544,2,1,1.0,0.0,0.0,0.0
1,1,0,0,-0.38522842378887595,-0.5405362900156206,0.2732312961117544,2,1,0.0,1.0,0.0,0.0
1,1,0,0,0.9851698594216909,0.9455706113563123,0.2732312961117544,2,1,0.0,0.0,1.0,0.0
1,0,1,0,0.31610750572988516,-0.3027591857961114,0.2732312961117544,0,0,1.0,0.0,0.0,0.0
1,1,0,0,-0.26268713080124845,0.8385709144575331,0.2732312961117544,2,0,0.0,0.0,1.0,0.0
1,1,1,0,-0.5459410018916334,-0.6118694212814735,2.1372759162519452,1,1,0.0,0.0,0.0,1.0
1,0,0,0,-0.014328039665896469,-0.11253750242050396,0.2732312961117544,2,1,1.0,0.0,0.0,0.0
0,1,0,0,-0.40537893052347246,-0.07687093678757757,0.2732312961117544,1,1,1.0,0.0,0.0,0.0
1,1,1,0,-0.3000392896263542,0.07768418095510346,0.2732312961117544,0,0,1.0,0.0,0.0,0.0
0,0,0,1,0.33543888617445744,-0.3027591857961114,0.2732312961117544,1,1,0.0,1.0,0.0,0.0
1,0,0,0,-0.05790555829518646,-0.3265368962180623,0.2732312961117544,1,1,1.0,0.0,0.0,0.0
1,1,0,0,1.5038406262650446,0.47001640291729374,-2.5228356340985316,0,1,0.0,1.0,0.0,0.0
0,1,0,0,-0.36638851911831827,0.10146189137705439,0.2732312961117544,1,1,1.0,0.0,0.0,0.0
1,1,0,0,-0.5225139899969399,-0.7188691181802526,0.2732312961117544,2,1,0.0,1.0,0.0,0.0
1,1,0,0,0.02695592535132563,0.3511278508075391,0.2732312961117544,0,0,1.0,0.0,0.0,0.0
0,0,0,0,0.8198701740947977,1.349791688529478,0.2732312961117544,2,1,1.0,0.0,0.0,0.0
1,1,0,0,0.04317462589380574,0.41057212686241645,0.2732312961117544,0,1,1.0,0.0,0.0,0.0
0,0,0,0,-0.2027270863714735,-1.2063121818302467,0.2732312961117544,1,1,1.0,0.0,0.0,0.0
0,0,0,0,-0.5351285348633134,-0.1006486472095285,0.2732312961117544,1,1,1.0,0.0,0.0,0.0
1,1,0,0,-0.40079182329933666,-0.7664245390241544,0.2732312961117544,1,1,0.0,0.0,1.0,0.0
1,1,1,0,-0.18077450179882365,0.5770160998160729,0.2732312961117544,0,1,1.0,0.0,0.0,0.0
0,0,0,0,-0.2803802586657722,-0.6237582764924489,0.2732312961117544,0,1,1.0,0.0,0.0,0.0
1,1,0,0,3.014309505069758,2.6694546169477547,0.2732312961117544,0,1,0.0,0.0,0.0,1.0
1,0,0,0,-0.25203848903093323,-0.3027591857961114,0.2732312961117544,0,1,1.0,0.0,0.0,0.0
1,1,0,1,0.8370718261853068,0.17279502264290716,-2.5228356340985316,2,0,0.0,1.0,0.0,0.0
1,1,0,0,0.11083445744980862,0.4343498372843674,0.2732312961117544,0,0,1.0,0.0,0.0,0.0
1,0,0,1,2.4184770417061197,5.9983340760208845,2.1372759162519452,2,1,1.0,0.0,0.0,0.0
1,0,0,0,-0.5552790415979099,-0.8496465255009827,0.2732312961117544,2,1,1.0,0.0,0.0,0.0
1,0,0,0,-0.4399460599624957,-0.8972019463448846,0.2732312961117544,1,1,1.0,0.0,0.0,0.0
1,1,0,1,-0.31855154378090217,-1.4322004308387803,-3.4548579441686273,1,1,1.0,0.0,0.0,0.0
1,0,0,0,-0.08329847328593815,-0.5167585795936697,0.2732312961117544,1,1,1.0,0.0,0.0,0.0
1,1,0,0,-0.22992207920027855,1.7183462000697174,0.2732312961117544,1,0,0.0,0.0,0.0,1.0
0,1,0,0,-0.13441195378345122,-0.730757973391228,0.2732312961117544,0,0,1.0,0.0,0.0,0.0
1,1,0,1,-0.34197855567559565,-0.6832025525473262,0.2732312961117544,2,1,0.0,0.0,1.0,0.0
1,0,0,0,1.571991933595062,1.1476811499428952,0.2732312961117544,1,0,1.0,0.0,0.0,0.0
1,1,1,0,-0.19715702759930862,-0.19575948889733222,0.2732312961117544,0,0,0.0,0.0,1.0,0.0
1,1,0,0,-0.05921616035922526,0.47001640291729374,0.2732312961117544,0,0,0.0,0.0,1.0,0.0
1,0,0,0,0.0022183113925933404,0.2679058643307109,0.2732312961117544,2,1,1.0,0.0,0.0,0.0
1,0,0,1,0.25336243191402774,0.3511278508075391,-2.5228356340985316,1,1,1.0,0.0,0.0,0.0
1,1,0,0,-0.4432225651225927,-0.27898147537416046,0.2732312961117544,1,1,1.0,0.0,0.0,0.0
1,1,0,0,1.0408704471433399,0.49379411333924467,-2.5228356340985316,2,1,0.0,0.0,1.0,0.0
0,1,0,0,-0.5035102600683774,-0.5405362900156206,0.2732312961117544,1,1,1.0,0.0,0.0,0.0
0,1,0,0,1.550203174280417,-0.8972019463448846,0.2732312961117544,2,1,0.0,0.0,1.0,0.0
1,1,0,0,-0.6332598644082182,-1.3727561547839031,0.2732312961117544,2,1,0.0,1.0,0.0,0.0
0,0,0,0,0.753029468828819,0.9455706113563123,0.2732312961117544,0,0,1.0,0.0,0.0,0.0
1,1,0,0,-0.08903235731610788,-0.24331490974123407,0.2732312961117544,1,1,1.0,0.0,0.0,0.0
1,0,0,0,0.143108033276764,-0.3265368962180623,0.2732312961117544,0,0,1.0,0.0,0.0,0.0
1,1,0,1,-0.4630454213411795,0.07768418095510346,0.2732312961117544,0,1,1.0,0.0,0.0,0.0
1,0,0,0,0.6163992036527745,1.1714588603648461,0.2732312961117544,2,0,1.0,0.0,0.0,0.0
1,1,1,0,-0.511537697710615,-0.3859811722729396,0.2732312961117544,0,0,0.0,0.0,1.0,0.0
1,0,0,0,-0.35213572167189633,-1.1349790505643937,0.2732312961117544,2,1,1.0,0.0,0.0,0.0
1,1,0,0,5.667623383716302,5.403891315472111,-2.5228356340985316,1,1,0.0,0.0,0.0,1.0
1,1,0,0,0.09772843680942066,0.17279502264290716,0.2732312961117544,0,1,0.0,1.0,0.0,0.0
1,1,0,0,0.6773421996305785,0.49379411333924467,0.2732312961117544,2,1,0.0,1.0,0.0,0.0
1,0,0,0,-0.39702384236522514,-0.3027591857961114,0.2732312961117544,0,1,1.0,0.0,0.0,0.0
1,1,0,0,-0.13441195378345122,1.302236267685576,0.2732312961117544,1,1,1.0,0.0,0.0,0.0
1,1,1,0,-0.5800166555566422,-0.5643140004375716,0.2732312961117544,1,1,1.0,0.0,0.0,0.0
1,1,0,0,0.4144026605327949,1.5400133719050855,0.2732312961117544,2,0,1.0,0.0,0.0,0.0
1,1,0,0,-0.37916688924269654,-0.2908703305851359,0.2732312961117544,1,0,0.0,1.0,0.0,0.0
1,1,0,0,-0.20256326111346865,0.14901731222095624,0.2732312961117544,0,1,0.0,0.0,1.0,0.0
1,1,0,0,0.6421197691595358,-0.8377576702900073,-2.5228356340985316,2,1,1.0,0.0,0.0,0.0
1,1,0,0,-0.27792287979569946,0.4343498372843674,0.2732312961117544,0,1,1.0,0.0,0.0,0.0
0,1,0,0,-0.13441195378345122,-0.3978700274839151,0.2732312961117544,0,0,1.0,0.0,0.0,0.0
1,1,0,0,-0.48565330694584874,-0.19575948889733222,0.2732312961117544,0,1,1.0,0.0,0.0,0.0
1,0,0,0,-0.5187460090628284,-0.9804239328217128,2.1372759162519452,1,0,1.0,0.0,0.0,0.0
1,1,0,0,0.42537895281911986,0.6483492310819257,0.2732312961117544,1,1,0.0,0.0,1.0,0.0
1,1,1,0,-0.5870611416508507,-0.599980566070498,0.2732312961117544,0,1,1.0,0.0,0.0,0.0
1,1,0,0,7.594863718885352,6.592776836569658,-0.6587910139583409,2,1,0.0,0.0,0.0,1.0
1,1,1,0,-0.30823055252659665,-0.7664245390241544,-2.5228356340985316,0,0,0.0,0.0,0.0,1.0
1,1,0,0,0.04989146147200457,0.49379411333924467,0.2732312961117544,1,1,1.0,0.0,0.0,0.0
1,1,1,1,-0.17356619044661029,-0.6950914077583017,0.2732312961117544,1,0,1.0,0.0,0.0,0.0
1,1,0,0,-0.31232618397671785,-0.35031460664001324,0.2732312961117544,0,1,1.0,0.0,0.0,0.0
1,1,0,0,-0.5502004585997595,-0.5286474348046452,0.2732312961117544,0,1,0.0,0.0,1.0,0.0
1,1,0,0,0.01843701193507345,4.155561518319688,0.2732312961117544,1,0,0.0,0.0,0.0,1.0
1,1,0,0,-0.2708783937014909,-0.35031460664001324,0.2732312961117544,1,1,0.0,1.0,0.0,0.0
1,0,1,0,-0.5030187842943628,-0.5167585795936697,2.1372759162519452,2,0,1.0,0.0,0.0,0.0
1,1,0,0,0.1632585400113605,0.41057212686241645,0.2732312961117544,2,0,0.0,1.0,0.0,0.0
1,0,0,0,-0.5713339168823851,-0.932868511977811,0.2732312961117544,0,0,1.0,0.0,0.0,0.0
1,1,0,0,-0.13162692439736878,-0.8615353807119581,-2.5228356340985316,1,1,1.0,0.0,0.0,0.0
1,1,0,0,4.659606571212462,1.3616805437404536,0.2732312961117544,1,0,0.0,1.0,0.0,0.0
0,1,0,0,-0.2913565509520971,-0.44542544832781694,0.2732312961117544,1,1,1.0,0.0,0.0,0.0
1,1,0,1,5.52804426389617,-0.3027591857961114,0.2732312961117544,1,1,1.0,0.0,0.0,0.0
1,1,0,1,-0.5284116992851144,-0.9447573671887864,-0.6587910139583409,0,0,0.0,1.0,0.0,0.0
1,1,0,0,-0.49482752139412034,-1.03986820887659,0.2732312961117544,0,1,1.0,0.0,0.0,0.0
1,1,0,1,-0.7748048873244083,0.2679058643307109,0.2732312961117544,0,1,1.0,0.0,0.0,0.0
1,1,0,0,0.6429388954495601,0.5056829685502201,-2.5228356340985316,0,1,1.0,0.0,0.0,0.0
1,0,1,0,-0.08493672586598665,-1.1587567609863447,0.2732312961117544,0,1,1.0,0.0,0.0,0.0
1,0,0,0,1.0806799848385182,0.22035044348680902,0.2732312961117544,1,0,1.0,0.0,0.0,0.0
1,1,1,0,0.10313467032358069,0.17279502264290716,0.2732312961117544,2,0,1.0,0.0,0.0,0.0
1,0,0,0,-0.25318526583696715,-0.8258688150790318,0.2732312961117544,1,1,1.0,0.0,0.0,0.0
1,0,0,0,-0.19863145492135226,-0.3027591857961114,0.2732312961117544,0,1,1.0,0.0,0.0,0.0
1,1,0,0,-0.3732691799545219,0.2916835747526618,0.2732312961117544,1,0,0.0,1.0,0.0,0.0
1,0,0,0,0.47993276373473476,0.49379411333924467,0.2732312961117544,0,1,1.0,0.0,0.0,0.0
0,0,1,0,-0.5728083442044287,-0.3027591857961114,0.2732312961117544,2,1,1.0,0.0,0.0,0.0
0,1,0,0,-0.3255960298751107,-0.3859811722729396,0.2732312961117544,1,1,1.0,0.0,0.0,0.0
1,0,0,1,0.9168547268336686,-0.7426468286022035,0.2732312961117544,2,0,1.0,0.0,0.0,0.0
1,1,1,0,-0.45927744040706797,-0.6594248421253753,0.2732312961117544,1,1,0.0,1.0,0.0,0.0
1,0,0,0,-0.07871136606180236,0.24412815390875994,0.2732312961117544,1,1,0.0,0.0,1.0,0.0
1,1,1,0,-0.23123268126431734,-0.3027591857961114,-2.5228356340985316,2,0,0.0,0.0,0.0,1.0
1,1,1,0,-0.3118347082027033,-0.12442635763147943,0.2732312961117544,2,1,0.0,1.0,0.0,0.0
1,1,1,0,-0.24351957561468104,-0.25520376495220953,0.2732312961117544,1,1,0.0,0.0,1.0,0.0
0,0,1,0,-0.1630813739342999,-0.3027591857961114,0.2732312961117544,1,1,1.0,0.0,0.0,0.0
0,0,0,0,-0.35377397425194484,-0.7783133942351299,0.2732312961117544,2,1,1.0,0.0,0.0,0.0
1,0,1,0,-0.23401771065039978,-1.0755347745095165,0.2732312961117544,0,1,1.0,0.0,0.0,0.0
1,0,0,0,-0.4791002966256548,-1.0279793536656145,0.2732312961117544,2,1,1.0,0.0,0.0,0.0
1,0,0,0,-0.325268379359101,-0.21953719931928314,0.2732312961117544,1,0,1.0,0.0,0.0,0.0
0,0,0,0,0.753029468828819,0.8147932040355822,0.2732312961117544,1,0,1.0,0.0,0.0,0.0
1,1,0,0,-0.3233024762630428,-0.20764834410830768,0.2732312961117544,1,0,0.0,0.0,0.0,1.0
1,1,0,1,0.3904841728640869,1.1239034395209442,0.2732312961117544,2,1,0.0,1.0,0.0,0.0
1,1,1,1,0.04907233518198032,-0.18387063368635673,0.2732312961117544,0,1,0.0,0.0,0.0,1.0
1,1,0,0,-0.36540556757028914,-0.1006486472095285,0.2732312961117544,2,1,1.0,0.0,0.0,0.0
1,1,1,0,-0.254495867901006,-0.5405362900156206,0.2732312961117544,1,1,0.0,0.0,0.0,1.0
1,1,0,0,-0.8606493225189494,-0.12442635763147943,0.2732312961117544,0,0,1.0,0.0,0.0,0.0
1,1,0,0,-0.2746463746356025,-0.17198177847538126,0.2732312961117544,1,1,1.0,0.0,0.0,0.0
1,1,0,0,-0.06609682119542894,-0.8734242359229336,0.2732312961117544,1,0,0.0,0.0,1.0,0.0
0,1,0,0,-0.1835595311849061,-0.21953719931928314,0.2732312961117544,1,1,0.0,0.0,1.0,0.0
1,1,0,0,-0.521367213190906,-1.0160904984546393,0.2732312961117544,2,0,1.0,0.0,0.0,0.0
1,1,0,0,-0.22844765187823488,-0.35031460664001324,0.2732312961117544,1,1,0.0,0.0,1.0,0.0
1,0,0,0,-0.39849826968726876,-0.01742666073270025,0.2732312961117544,1,1,1.0,0.0,0.0,0.0
1,1,0,0,0.35624469394107333,0.3511278508075391,0.2732312961117544,1,1,1.0,0.0,0.0,0.0
1,1,0,0,0.13868475131063304,-0.20764834410830768,0.2732312961117544,1,1,1.0,0.0,0.0,0.0
1,1,0,0,-0.3527910227039157,0.2916835747526618,0.2732312961117544,0,0,1.0,0.0,0.0,0.0
1,1,1,1,-0.10951051456671408,-0.08875979199855304,0.2732312961117544,2,0,1.0,0.0,0.0,0.0
1,1,0,0,0.13868475131063304,0.7672377831916803,0.2732312961117544,1,1,0.0,0.0,1.0,0.0
1,1,0,0,-0.10574253363260254,0.14901731222095624,2.1372759162519452,1,1,1.0,0.0,0.0,0.0
1,0,0,1,0.1632585400113605,0.6483492310819257,0.2732312961117544,0,1,1.0,0.0,0.0,0.0
1,1,0,0,-0.4771343935295966,-0.4929808691717188,0.2732312961117544,1,1,0.0,1.0,0.0,0.0
1,1,0,0,-0.2764484524736558,-1.2300898922521974,-2.5228356340985316,0,1,1.0,0.0,0.0,0.0
1,0,1,0,-0.36278436344221154,-0.3027591857961114,0.2732312961117544,0,1,1.0,0.0,0.0,0.0
0,0,0,0,0.47993276373473476,1.5994576479599627,0.2732312961117544,1,1,1.0,0.0,0.0,0.0
1,1,0,0,-0.3683544222143764,-0.06498208157660211,0.2732312961117544,1,1,0.0,1.0,0.0,0.0
1,1,0,0,0.015815807806995857,0.2916835747526618,0.2732312961117544,0,1,0.0,1.0,0.0,0.0
1,1,0,0,0.056116821276188854,1.302236267685576,0.2732312961117544,2,0,1.0,0.0,0.0,0.0
0,0,0,1,-0.3178962427488828,-0.27898147537416046,0.2732312961117544,2,1,1.0,0.0,0.0,0.0
0,0,0,0,-0.26072122770519024,-0.3978700274839151,0.2732312961117544,0,1,0.0,1.0,0.0,0.0
1,1,0,0,-0.3421423809336005,-0.5880917108595225,0.2732312961117544,1,1,0.0,1.0,0.0,0.0
1,1,0,0,0.06807606511054287,-0.3027591857961114,0.2732312961117544,0,1,0.0,0.0,1.0,0.0
1,1,1,0,-0.47402171362750445,-0.06498208157660211,-2.5228356340985316,2,0,0.0,1.0,0.0,0.0
1,0,0,0,-0.3994812212352979,0.11335074658802985,-4.386880254238722,2,1,1.0,0.0,0.0,0.0
1,1,0,1,0.13868475131063304,-0.44542544832781694,0.2732312961117544,0,1,0.0,0.0,1.0,0.0
1,1,1,0,-0.3272342824551592,-0.26709262016318497,0.2732312961117544,1,1,1.0,0.0,0.0,0.0
1,0,0,1,0.10591969970966313,-0.3027591857961114,-2.5228356340985316,2,0,1.0,0.0,0.0,0.0
1,1,0,0,0.7043733672013787,-0.3978700274839151,0.2732312961117544,2,1,0.0,0.0,1.0,0.0
1,1,1,0,0.1973341936763692,-0.1006486472095285,-2.5228356340985316,2,1,0.0,1.0,0.0,0.0
1,1,0,0,-0.4130787176497004,-0.26709262016318497,2.1372759162519452,1,1,0.0,1.0,0.0,0.0
1,1,0,0,-0.588863219488904,-0.6594248421253753,0.2732312961117544,2,1,1.0,0.0,0.0,0.0
1,1,1,0,-0.6119625808675878,0.6602380862929011,0.2732312961117544,1,0,1.0,0.0,0.0,0.0
0,0,0,0,-0.32379395203705735,-0.08875979199855304,0.2732312961117544,2,0,0.0,0.0,1.0,0.0
1,0,1,1,-0.4620624697931504,-0.4929808691717188,0.2732312961117544,0,1,1.0,0.0,0.0,0.0
1,1,1,0,-0.44928409966877214,1.5875687927489874,-2.5228356340985316,1,1,0.0,1.0,0.0,0.0
1,0,0,1,1.7769373313591288,0.553238389394122,0.2732312961117544,2,0,1.0,0.0,0.0,0.0
0,0,0,0,-0.3801498407907256,1.302236267685576,0.2732312961117544,0,1,0.0,0.0,0.0,1.0
1,0,1,0,0.10510057341963888,-0.3622034618509887,0.2732312961117544,0,0,1.0,0.0,0.0,0.0
1,1,0,0,-0.025140506694216542,-0.6118694212814735,0.2732312961117544,2,0,0.0,0.0,0.0,1.0
1,1,0,0,1.5202231520655296,1.8847901730233738,0.2732312961117544,0,0,1.0,0.0,0.0,0.0
1,1,1,0,-0.07740076399776356,-0.20764834410830768,0.2732312961117544,1,0,0.0,0.0,0.0,1.0
1,1,0,0,0.11132593322382317,2.193900408508736,0.2732312961117544,2,1,0.0,1.0,0.0,0.0
1,0,0,0,-0.5477430797296867,-0.13631521284245487,0.2732312961117544,1,1,1.0,0.0,0.0,0.0
0,0,0,0,-0.31494738810479544,0.11335074658802985,-4.759689178266761,1,0,0.0,1.0,0.0,0.0
0,0,0,0,0.29431874641524014,-0.3027591857961114,0.2732312961117544,0,1,1.0,0.0,0.0,0.0
1,0,0,1,-0.03890182836662391,-0.20764834410830768,0.2732312961117544,1,1,1.0,0.0,0.0,0.0
1,0,0,0,-0.2143586796898178,0.065795325744128,0.2732312961117544,0,1,1.0,0.0,0.0,0.0
1,1,0,0,-0.11393379653284502,0.05390647053315253,0.2732312961117544,1,1,0.0,0.0,1.0,0.0
1,1,0,0,-0.17536826828466362,0.17279502264290716,0.2732312961117544,2,1,0.0,0.0,0.0,1.0
0,0,0,0,-0.325268379359101,-0.12442635763147943,0.2732312961117544,0,0,1.0,0.0,0.0,0.0
0,0,0,0,-0.41406166919772946,-0.6594248421253753,0.2732312961117544,2,1,0.0,1.0,0.0,0.0
0,0,0,0,-0.35492075105797877,-1.3727561547839031,0.2732312961117544,2,1,1.0,0.0,0.0,0.0
1,1,0,0,0.9407732145023766,-0.11253750242050396,0.2732312961117544,2,1,1.0,0.0,0.0,0.0
1,0,0,0,-0.421106155291938,-0.2314260545302586,0.2732312961117544,0,1,1.0,0.0,0.0,0.0
1,1,0,0,-0.456000935246971,0.05390647053315253,0.2732312961117544,1,1,1.0,0.0,0.0,0.0
1,1,0,0,-0.24630460500076348,-0.6594248421253753,0.2732312961117544,1,1,0.0,0.0,1.0,0.0
1,1,0,0,-0.4347036517063405,-0.3622034618509887,0.2732312961117544,1,1,0.0,1.0,0.0,0.0
1,1,0,0,-0.23106885600631247,0.731571217558754,0.2732312961117544,1,1,1.0,0.0,0.0,0.0
1,1,0,0,-0.37687333563062864,-0.7783133942351299,0.2732312961117544,2,1,1.0,0.0,0.0,0.0
1,1,0,0,1.5038406262650446,3.4541190608721353,0.2732312961117544,1,1,1.0,0.0,0.0,0.0
0,1,1,0,-0.21353955339979358,-0.25520376495220953,0.2732312961117544,0,1,1.0,0.0,0.0,0.0
1,0,1,1,-0.2212393405260215,0.14901731222095624,0.2732312961117544,2,0,0.0,1.0,0.0,0.0
1,1,0,0,-0.24188132303463256,-0.3978700274839151,0.2732312961117544,1,1,1.0,0.0,0.0,0.0
1,1,0,0,-0.5082611925505179,-0.8020911046570809,-2.5228356340985316,2,1,0.0,0.0,1.0,0.0
0,0,0,0,-0.5885355689728943,-1.087423629720492,0.2732312961117544,2,1,1.0,0.0,0.0,0.0
1,1,0,0,2.5005534959665496,-0.3027591857961114,0.2732312961117544,0,0,1.0,0.0,0.0,0.0
1,0,0,0,-0.3678629464403619,-0.6713136973363507,0.2732312961117544,0,1,1.0,0.0,0.0,0.0
0,0,0,1,-0.45927744040706797,-0.5524251452265961,-0.6587910139583409,1,0,1.0,0.0,0.0,0.0
1,1,0,0,-0.278414355569714,-0.3027591857961114,0.2732312961117544,0,1,1.0,0.0,0.0,0.0
0,0,0,0,-0.2096077472076772,-0.3622034618509887,0.2732312961117544,1,1,1.0,0.0,0.0,0.0
1,0,0,0,0.672427441890433,0.49379411333924467,0.2732312961117544,0,1,1.0,0.0,0.0,0.0
1,1,0,0,-0.3814604428547644,-0.07687093678757757,0.2732312961117544,0,1,1.0,0.0,0.0,0.0
1,1,0,0,-0.16439197599833869,-0.21953719931928314,0.2732312961117544,1,0,0.0,0.0,1.0,0.0
1,1,0,0,-0.3686820727303861,-0.13631521284245487,0.2732312961117544,2,1,0.0,0.0,1.0,0.0
0,0,0,0,0.0022183113925933404,-0.029315515943675714,2.1372759162519452,2,0,1.0,0.0,0.0,0.0
1,1,0,0,-0.49482752139412034,0.31546128517461275,0.2732312961117544,1,1,1.0,0.0,0.0,0.0
1,1,0,0,-0.1617707718702611,-0.421647737905866,0.2732312961117544,2,1,0.0,0.0,0.0,1.0
1,1,0,0,0.24107553756366404,0.6483492310819257,0.2732312961117544,1,1,0.0,1.0,0.0,0.0
0,1,0,0,-0.12081445736904871,-0.12442635763147943,0.2732312961117544,2,1,0.0,1.0,0.0,0.0
0,0,0,0,-0.06609682119542894,0.065795325744128,2.1372759162519452,0,0,1.0,0.0,0.0,0.0
1,1,0,0,-0.5552790415979099,-0.3859811722729396,0.2732312961117544,2,0,0.0,1.0,0.0,0.0
1,1,1,0,-0.5903376468109477,-0.6237582764924489,0.2732312961117544,2,0,1.0,0.0,0.0,0.0
1,1,1,0,-0.4142254944557343,-0.4810920139607433,0.2732312961117544,1,1,1.0,0.0,0.0,0.0
0,0,0,0,-0.06609682119542894,-0.1600929232644058,0.2732312961117544,0,1,1.0,0.0,0.0,0.0
1,1,0,0,-0.6190070669617963,-0.5880917108595225,0.2732312961117544,2,1,0.0,1.0,0.0,0.0
1,0,0,0,-0.22992207920027855,-0.06498208157660211,0.2732312961117544,0,1,1.0,0.0,0.0,0.0
1,0,1,0,-0.5575725952099777,-0.3027591857961114,0.2732312961117544,2,0,1.0,0.0,0.0,0.0
0,0,0,0,-0.26891249060543276,-0.12442635763147943,0.2732312961117544,0,1,1.0,0.0,0.0,0.0
0,0,0,0,-0.4920424920080379,-0.4929808691717188,0.2732312961117544,2,0,1.0,0.0,0.0,0.0
1,0,0,0,2.429453333992445,3.977228690155056,0.2732312961117544,0,0,1.0,0.0,0.0,0.0
1,1,1,0,0.3708251419035049,0.47001640291729374,0.2732312961117544,0,1,0.0,0.0,1.0,0.0
0,0,0,0,-0.40734483361953067,-0.730757973391228,0.2732312961117544,1,1,1.0,0.0,0.0,0.0
1,0,1,0,-0.40570658103948215,-0.4097588826948905,0.2732312961117544,1,1,1.0,0.0,0.0,0.0
0,0,0,0,-0.474513189401519,-1.063645919298541,0.2732312961117544,0,1,1.0,0.0,0.0,0.0
1,1,0,1,0.056116821276188854,-0.01742666073270025,-4.014071330210684,0,1,0.0,0.0,1.0,0.0
1,1,0,0,-0.48008324817368386,0.1609061674319317,0.2732312961117544,0,0,1.0,0.0,0.0,0.0
1,1,1,0,-0.32838105926119315,-0.4097588826948905,-2.5228356340985316,2,1,0.0,1.0,0.0,0.0
1,1,0,0,-0.27628462721565095,-0.3027591857961114,0.2732312961117544,1,1,0.0,0.0,1.0,0.0
1,1,0,0,-0.5480707302456964,-0.6832025525473262,0.2732312961117544,2,1,1.0,0.0,0.0,0.0
0,0,0,0,-0.3051178726245045,-0.3978700274839151,0.2732312961117544,1,1,0.0,1.0,0.0,0.0
1,1,0,1,0.753029468828819,0.11335074658802985,0.2732312961117544,0,0,0.0,1.0,0.0,0.0
1,1,0,0,-0.4920424920080379,-0.3622034618509887,0.2732312961117544,1,1,1.0,0.0,0.0,0.0
1,1,0,0,-0.17389384096261998,-0.25520376495220953,0.2732312961117544,1,1,0.0,0.0,0.0,1.0
1,1,1,0,-0.29528835714421353,-0.3027591857961114,0.2732312961117544,0,1,0.0,0.0,1.0,0.0
0,0,0,0,-0.3665523443763231,-0.1600929232644058,0.2732312961117544,0,1,1.0,0.0,0.0,0.0
1,1,0,0,1.5721557588530668,1.837234752179472,0.2732312961117544,0,1,0.0,0.0,0.0,1.0
1,1,0,1,0.5344865746503497,2.740787748213607,0.2732312961117544,0,0,0.0,1.0,0.0,0.0
1,0,0,0,-0.07969431760983145,-0.18387063368635673,0.2732312961117544,0,1,1.0,0.0,0.0,0.0
1,1,0,1,0.06791223985253803,0.4581275477063183,0.2732312961117544,1,1,1.0,0.0,0.0,0.0
0,1,0,0,-0.17536826828466362,-0.421647737905866,0.2732312961117544,2,0,1.0,0.0,0.0,0.0
0,0,0,0,-0.4756599662075529,-0.932868511977811,0.2732312961117544,2,1,1.0,0.0,0.0,0.0
1,0,0,0,-0.16701318012641628,-0.33842575142903775,0.2732312961117544,2,1,0.0,1.0,0.0,0.0
1,0,0,0,-0.4043959789754433,-0.5643140004375716,0.2732312961117544,1,1,1.0,0.0,0.0,0.0
1,0,0,0,-0.421106155291938,-0.8853130911339091,0.2732312961117544,2,1,1.0,0.0,0.0,0.0
1,1,0,0,9.490977255033481,4.09611724226481,-2.5228356340985316,2,1,1.0,0.0,0.0,0.0
1,1,0,1,0.7256706507420091,0.4343498372843674,-2.5228356340985316,2,1,0.0,1.0,0.0,0.0
1,1,0,1,0.016307283581010405,-0.8972019463448846,0.2732312961117544,1,1,1.0,0.0,0.0,0.0
1,1,0,0,-0.025140506694216542,0.17279502264290716,0.2732312961117544,0,1,0.0,1.0,0.0,0.0
1,1,0,1,-0.4756599662075529,0.3630167060185146,0.2732312961117544,0,1,0.0,0.0,1.0,0.0
0,0,1,0,-0.5854228890708022,-0.3027591857961114,0.2732312961117544,2,0,0.0,0.0,0.0,1.0
0,0,0,0,-0.2037100379195026,-0.8853130911339091,0.2732312961117544,1,1,1.0,0.0,0.0,0.0
1,1,1,0,-0.45157765328084004,0.3273501403855882,0.2732312961117544,0,0,0.0,0.0,0.0,1.0
0,0,0,0,-0.49564664768414457,-1.1825344714082957,0.2732312961117544,0,0,1.0,0.0,0.0,0.0
1,1,1,0,-0.13916288626559187,0.14901731222095624,0.2732312961117544,2,1,0.0,1.0,0.0,0.0
1,1,1,0,-0.36540556757028914,-0.8496465255009827,0.2732312961117544,1,1,0.0,0.0,0.0,1.0
1,1,0,0,-0.4620624697931504,-0.24331490974123407,0.2732312961117544,0,1,0.0,0.0,1.0,0.0
1,1,0,0,-0.47582379146555775,0.17279502264290716,0.2732312961117544,1,1,1.0,0.0,0.0,0.0
1,1,1,0,-0.3080667272685918,0.07768418095510346,0.2732312961117544,0,0,1.0,0.0,0.0,0.0
1,1,1,0,-0.3801498407907256,-0.2314260545302586,0.2732312961117544,2,1,0.0,0.0,1.0,0.0
1,1,0,0,0.15228224772503557,1.349791688529478,0.2732312961117544,1,1,1.0,0.0,0.0,0.0
1,1,0,0,-0.4551818089569467,0.49379411333924467,0.2732312961117544,0,1,1.0,0.0,0.0,0.0
1,1,0,0,0.6028017072383719,0.9812371769892387,0.2732312961117544,1,1,1.0,0.0,0.0,0.0
1,0,0,0,0.5482478963227571,1.9323455938672758,0.2732312961117544,0,0,1.0,0.0,0.0,0.0
1,1,0,0,-0.4484649733787479,-0.599980566070498,0.2732312961117544,0,1,0.0,0.0,0.0,1.0
0,1,0,1,0.015815807806995857,-0.4810920139607433,0.2732312961117544,0,0,1.0,0.0,0.0,0.0
0,1,0,0,-0.48827451107392633,-0.18387063368635673,0.2732312961117544,1,1,1.0,0.0,0.0,0.0
0,0,0,0,-0.2605574024471854,-0.35031460664001324,-2.5228356340985316,2,1,1.0,0.0,0.0,0.0
1,1,0,0,0.47993276373473476,0.23223929869778448,0.2732312961117544,0,1,0.0,0.0,1.0,0.0
1,1,0,0,-0.2504002364508847,-0.932868511977811,0.2732312961117544,2,0,0.0,1.0,0.0,0.0
1,1,1,0,-0.3937473372051281,-0.5405362900156206,2.1372759162519452,2,0,1.0,0.0,0.0,0.0
1,1,0,0,-0.03873800310861906,0.6483492310819257,0.2732312961117544,1,1,0.0,0.0,0.0,1.0
0,0,0,0,-0.11147641766277228,-0.7664245390241544,0.2732312961117544,1,0,0.0,1.0,0.0,0.0
1,1,0,0,-0.06609682119542894,1.0763480186770424,0.2732312961117544,1,1,0.0,0.0,1.0,0.0
1,1,0,0,-0.10705313569664134,-0.18387063368635673,0.2732312961117544,2,1,1.0,0.0,0.0,0.0
1,1,0,0,-0.39161760885106506,-0.599980566070498,-0.6587910139583409,2,1,1.0,0.0,0.0,0.0
1,0,0,1,0.23239279888940703,-0.05309322636562664,0.2732312961117544,0,1,1.0,0.0,0.0,0.0
1,0,1,0,0.13311469253846817,-0.14820406805343034,0.2732312961117544,0,0,1.0,0.0,0.0,0.0
1,0,0,0,-0.4756599662075529,-0.5880917108595225,2.1372759162519452,1,0,1.0,0.0,0.0,0.0
1,0,0,0,-0.04578248920282759,-0.25520376495220953,0.2732312961117544,0,0,1.0,0.0,0.0,0.0
1,1,0,0,0.15097164566099677,0.3511278508075391,0.2732312961117544,1,1,0.0,1.0,0.0,0.0
1,1,0,0,2.3470492292160055,5.047225659142848,0.2732312961117544,0,0,1.0,0.0,0.0,0.0
0,0,0,1,1.6964991296787477,-1.0755347745095165,0.2732312961117544,1,1,1.0,0.0,0.0,0.0
1,1,0,0,-0.03578914846453177,0.11335074658802985,0.2732312961117544,1,1,0.0,0.0,1.0,0.0
1,1,0,1,0.6421197691595358,2.788343169057509,-0.6587910139583409,0,1,0.0,0.0,1.0,0.0
1,0,0,0,-0.38359017120882744,-0.4097588826948905,-2.5228356340985316,2,0,0.0,1.0,0.0,0.0
0,0,0,0,-0.4324100980942726,-0.421647737905866,0.2732312961117544,2,1,1.0,0.0,0.0,0.0
1,1,0,0,-0.09607684341031641,-0.3027591857961114,-2.5228356340985316,2,1,1.0,0.0,0.0,0.0
1,1,0,0,0.5482478963227571,-0.18387063368635673,0.2732312961117544,0,1,0.0,0.0,0.0,1.0
1,1,0,0,-0.17913624921877516,-0.18387063368635673,0.2732312961117544,1,1,1.0,0.0,0.0,0.0
1,0,0,0,-0.3824433944027935,-0.8853130911339091,2.1372759162519452,2,0,1.0,0.0,0.0,0.0
1,1,0,0,-0.002041145315532749,-0.18387063368635673,0.2732312961117544,2,1,0.0,0.0,1.0,0.0
1,1,0,0,-0.3391935262895132,-0.20764834410830768,0.2732312961117544,1,1,1.0,0.0,0.0,0.0
1,0,0,0,0.08806274658713453,1.7896793313355701,0.2732312961117544,1,1,1.0,0.0,0.0,0.0
0,0,0,0,0.09772843680942066,0.1252396017990053,0.2732312961117544,2,1,1.0,0.0,0.0,0.0
1,0,0,1,0.2889125129010801,-0.20764834410830768,0.2732312961117544,2,1,1.0,0.0,0.0,0.0
1,1,0,0,-0.13719698316953366,-0.5405362900156206,0.2732312961117544,2,0,0.0,0.0,1.0,0.0
1,0,0,0,-0.28447589011589347,-0.3859811722729396,-2.5228356340985316,2,1,0.0,1.0,0.0,0.0
1,0,1,0,-0.5008890559402998,-0.1600929232644058,0.2732312961117544,1,1,1.0,0.0,0.0,0.0
1,1,1,0,-0.39210908462507965,-0.3027591857961114,0.2732312961117544,2,0,1.0,0.0,0.0,0.0
1,1,0,0,-0.5030187842943628,-0.11253750242050396,0.2732312961117544,2,1,1.0,0.0,0.0,0.0
1,1,0,0,0.01384990471093766,-0.24331490974123407,0.2732312961117544,0,1,1.0,0.0,0.0,0.0
1,0,0,0,0.6165630289107793,0.47001640291729374,0.2732312961117544,0,1,0.0,0.0,0.0,1.0
1,1,0,0,0.6717721408584136,1.5400133719050855,0.2732312961117544,0,1,0.0,0.0,0.0,1.0
1,1,0,0,-0.4620624697931504,-0.3027591857961114,0.2732312961117544,2,1,1.0,0.0,0.0,0.0
1,1,1,0,-0.5587193720160116,-0.3859811722729396,-2.5228356340985316,1,1,0.0,0.0,1.0,0.0
1,1,0,0,-0.3773648114046432,-0.3859811722729396,0.2732312961117544,2,1,0.0,0.0,1.0,0.0
1,1,0,0,-0.34853156599578966,-0.12442635763147943,0.2732312961117544,1,1,0.0,0.0,1.0,0.0
0,0,0,0,-0.3642587907642552,-0.8853130911339091,0.2732312961117544,2,0,1.0,0.0,0.0,0.0
1,1,0,0,-0.3883411036909681,-0.599980566070498,0.2732312961117544,2,1,1.0,0.0,0.0,0.0
1,0,1,0,-0.2459769544847538,-0.43353659311684145,0.2732312961117544,0,1,1.0,0.0,0.0,0.0
0,0,0,0,-0.6394852242124025,-0.5048697243826943,0.2732312961117544,1,0,1.0,0.0,0.0,0.0
1,1,1,0,-0.4119319408436664,-1.1944233266192712,-2.5228356340985316,2,0,0.0,0.0,1.0,0.0
1,0,1,0,-0.4338845254163163,-0.9566462223997618,-0.6587910139583409,0,0,1.0,0.0,0.0,0.0
1,0,0,0,-0.4756599662075529,-0.5048697243826943,0.2732312961117544,1,1,1.0,0.0,0.0,0.0
0,0,1,0,-0.5636341297561571,-1.0993124849314675,0.2732312961117544,1,1,1.0,0.0,0.0,0.0
0,0,0,1,0.3338006335944089,0.5770160998160729,0.2732312961117544,0,0,1.0,0.0,0.0,0.0
0,0,0,0,-0.14030966307162582,-0.3622034618509887,0.2732312961117544,1,1,1.0,0.0,0.0,0.0
1,1,1,0,-0.5302137771231679,-0.3622034618509887,0.2732312961117544,2,1,1.0,0.0,0.0,0.0
0,0,1,0,-0.5226778152549447,-0.9447573671887864,0.2732312961117544,0,1,1.0,0.0,0.0,0.0
1,1,0,0,0.4745265302205747,0.07768418095510346,-0.6587910139583409,1,0,0.0,1.0,0.0,0.0
1,1,0,0,12.38462278717314,2.5505660648379997,0.2732312961117544,0,0,0.0,0.0,0.0,1.0
0,0,1,1,-0.25171083851492354,-0.9923127880326883,0.2732312961117544,1,0,0.0,1.0,0.0,0.0
1,1,0,0,0.13966770285866215,0.17279502264290716,0.2732312961117544,2,1,1.0,0.0,0.0,0.0
1,1,1,0,0.11345566157788621,0.862348624879484,0.2732312961117544,0,0,1.0,0.0,0.0,0.0
1,1,1,0,-0.5161248049347508,-0.421647737905866,0.2732312961117544,0,1,1.0,0.0,0.0,0.0
0,1,1,0,-0.5331626317672551,0.3867944164404655,0.2732312961117544,1,0,1.0,0.0,0.0,0.0
0,0,0,0,-0.3945664634951524,-1.0160904984546393,0.2732312961117544,2,1,1.0,0.0,0.0,0.0
0,0,0,0,-0.45927744040706797,0.17279502264290716,0.2732312961117544,2,0,0.0,1.0,0.0,0.0
1,1,0,1,-0.6231026984119176,1.1120145843099687,0.2732312961117544,2,0,0.0,0.0,1.0,0.0
1,1,0,0,-0.717302221764706,-0.3978700274839151,0.2732312961117544,0,1,1.0,0.0,0.0,0.0
1,1,0,0,-0.35344632373593515,-0.08875979199855304,0.2732312961117544,1,1,1.0,0.0,0.0,0.0
1,1,0,0,0.06971431769059137,-0.08875979199855304,0.2732312961117544,0,1,1.0,0.0,0.0,0.0
0,0,1,0,-0.439618409446486,-0.7783133942351299,0.2732312961117544,2,0,1.0,0.0,0.0,0.0
1,1,0,0,-0.5870611416508507,-0.5405362900156206,0.2732312961117544,2,1,1.0,0.0,0.0,0.0
1,1,0,0,0.30251000931548266,-0.421647737905866,0.2732312961117544,2,0,0.0,1.0,0.0,0.0
1,1,0,0,1.5524967278924848,-0.5880917108595225,0.2732312961117544,1,1,1.0,0.0,0.0,0.0
1,1,0,0,-0.4484649733787479,-0.2908703305851359,0.2732312961117544,0,1,1.0,0.0,0.0,0.0
0,0,1,0,-0.13064397284933968,-0.7664245390241544,0.2732312961117544,0,0,0.0,1.0,0.0,0.0
1,1,0,0,0.08707979503910543,-0.14820406805343034,0.2732312961117544,1,1,0.0,0.0,1.0,0.0
1,1,0,0,-0.4068533578455161,-0.6950914077583017,0.2732312961117544,0,1,1.0,0.0,0.0,0.0
1,0,1,0,-0.44010988522050054,-1.0160904984546393,-2.5228356340985316,2,1,1.0,0.0,0.0,0.0
0,0,0,1,0.527605913814146,0.05390647053315253,0.2732312961117544,1,1,0.0,1.0,0.0,0.0
1,0,0,0,0.17964106581184544,-0.4810920139607433,0.2732312961117544,0,0,1.0,0.0,0.0,0.0
1,0,0,0,1.2241909108507665,3.085564549331896,0.2732312961117544,1,1,1.0,0.0,0.0,0.0
1,1,0,0,-0.48794686055791664,-0.029315515943675714,0.2732312961117544,1,1,1.0,0.0,0.0,0.0
1,0,0,0,-0.2708783937014909,-0.5405362900156206,0.2732312961117544,2,1,1.0,0.0,0.0,0.0
0,1,0,0,0.7607292559550469,-0.3027591857961114,-1.5908133240284363,1,1,1.0,0.0,0.0,0.0
1,0,0,0,-0.5696956643023365,-1.1349790505643937,0.2732312961117544,1,1,1.0,0.0,0.0,0.0
1,1,0,0,-0.5226778152549447,-0.3027591857961114,0.2732312961117544,2,1,1.0,0.0,0.0,0.0
1,0,0,1,0.8211807761588364,0.49379411333924467,0.2732312961117544,2,0,1.0,0.0,0.0,0.0
0,1,1,1,0.2848168814509589,-0.08875979199855304,0.2732312961117544,0,1,1.0,0.0,0.0,0.0
1,0,0,0,-0.2856226669219274,0.49379411333924467,0.2732312961117544,1,1,1.0,0.0,0.0,0.0
1,1,0,0,0.4091602522766397,0.41057212686241645,0.2732312961117544,0,1,1.0,0.0,0.0,0.0
1,0,1,0,-0.11409762179084987,0.030128760111201604,0.2732312961117544,1,1,0.0,0.0,0.0,1.0
1,0,0,0,5.294101795465245,0.07768418095510346,0.2732312961117544,1,1,0.0,1.0,0.0,0.0
1,1,0,0,0.31610750572988516,0.3511278508075391,-0.6587910139583409,0,1,1.0,0.0,0.0,0.0
1,1,0,1,-0.3174047669748682,-0.18387063368635673,0.2732312961117544,0,1,0.0,1.0,0.0,0.0
1,1,1,0,-0.1231080109811166,-0.421647737905866,0.2732312961117544,0,1,0.0,0.0,1.0,0.0
1,1,0,0,-0.3054455231405142,-1.0755347745095165,0.2732312961117544,0,0,1.0,0.0,0.0,0.0
1,1,0,0,-0.3380467494834793,0.05390647053315253,0.2732312961117544,0,0,0.0,0.0,1.0,0.0
1,0,1,1,-0.4315909718042484,0.5294606789721711,0.2732312961117544,1,0,0.0,1.0,0.0,0.0
1,1,1,0,-0.5069505904864792,-0.24331490974123407,0.2732312961117544,0,0,0.0,0.0,1.0,0.0
1,1,1,0,-0.5644532560461814,-1.0160904984546393,-0.6587910139583409,2,1,0.0,0.0,1.0,0.0
1,1,0,0,-0.2384409926165307,0.042017615322177064,0.2732312961117544,0,0,1.0,0.0,0.0,0.0
1,1,0,0,-0.47844499559363535,-0.6594248421253753,-2.5228356340985316,0,1,1.0,0.0,0.0,0.0
1,0,0,1,0.27547884174468246,-0.730757973391228,0.2732312961117544,1,1,1.0,0.0,0.0,0.0
1,1,0,0,-0.2530214405789623,-0.5880917108595225,0.2732312961117544,1,1,0.0,0.0,1.0,0.0
1,1,0,0,-0.1806106765408188,-0.3265368962180623,0.2732312961117544,2,1,1.0,0.0,0.0,0.0
1,1,0,0,-0.2777590545376946,0.3273501403855882,0.2732312961117544,2,0,1.0,0.0,0.0,0.0
1,0,0,0,-0.17192793786656177,-0.11253750242050396,0.2732312961117544,0,1,0.0,0.0,1.0,0.0
1,1,0,0,0.4800965889927396,0.17279502264290716,0.2732312961117544,1,0,1.0,0.0,0.0,0.0
1,1,0,1,-0.5439750987955752,0.17279502264290716,0.2732312961117544,1,1,1.0,0.0,0.0,0.0
1,1,0,0,0.38278438573785895,-0.20764834410830768,-2.5228356340985316,2,1,0.0,0.0,0.0,1.0
1,1,0,0,-0.39128995833505537,0.08957303616607892,0.2732312961117544,0,1,1.0,0.0,0.0,0.0
0,0,1,0,-0.03480619691650267,-0.1600929232644058,0.2732312961117544,1,1,0.0,1.0,0.0,0.0
1,0,0,0,-0.2027270863714735,-0.5643140004375716,0.2732312961117544,1,0,1.0,0.0,0.0,0.0
1,0,0,0,0.09772843680942066,-0.06498208157660211,0.2732312961117544,0,1,1.0,0.0,0.0,0.0
1,1,1,0,-0.4024300758793852,-0.8972019463448846,-2.5228356340985316,2,0,0.0,0.0,0.0,1.0
1,1,0,0,1.8493480953972723,-0.421647737905866,0.2732312961117544,1,1,1.0,0.0,0.0,0.0
0,1,1,0,-0.8508198070386584,-0.5643140004375716,0.2732312961117544,1,1,0.0,0.0,1.0,0.0
1,1,0,0,-0.17536826828466362,-0.421647737905866,0.2732312961117544,2,0,1.0,0.0,0.0,0.0
1,1,0,1,-0.3200259711029458,0.1965727330648581,0.2732312961117544,1,1,0.0,1.0,0.0,0.0
1,1,1,0,-0.4505947017328109,-0.3859811722729396,-2.5228356340985316,0,0,0.0,1.0,0.0,0.0
1,1,0,0,-0.11671882591892746,-0.5405362900156206,0.2732312961117544,1,1,0.0,0.0,0.0,1.0
0,0,0,1,-0.4756599662075529,-0.6237582764924489,0.2732312961117544,2,1,1.0,0.0,0.0,0.0
1,0,0,0,0.021058216063151045,0.1965727330648581,0.2732312961117544,0,1,0.0,0.0,1.0,0.0
1,1,0,1,1.8219892773104625,0.05390647053315253,0.2732312961117544,0,1,0.0,0.0,1.0,0.0
1,1,0,0,0.21240611741281537,1.0050148874111897,-0.6587910139583409,1,1,0.0,0.0,1.0,0.0
1,1,0,0,-0.414553144971744,-0.1600929232644058,0.2732312961117544,1,0,0.0,0.0,1.0,0.0
1,1,0,1,1.845252463947151,-0.7069802629692772,0.2732312961117544,1,1,0.0,1.0,0.0,0.0
1,1,0,0,-0.4024300758793852,-0.3027591857961114,0.2732312961117544,2,0,0.0,0.0,1.0,0.0
0,0,1,0,-0.17258323889858118,0.10146189137705439,0.2732312961117544,0,1,1.0,0.0,0.0,0.0
1,1,1,0,-0.3781839376946674,-0.3859811722729396,0.2732312961117544,0,1,0.0,0.0,0.0,1.0
1,1,0,0,-0.5439750987955752,-0.20764834410830768,0.2732312961117544,1,1,1.0,0.0,0.0,0.0
1,1,0,0,0.8894959087468587,1.0525703082550915,0.2732312961117544,1,1,1.0,0.0,0.0,0.0
1,1,0,0,0.47993276373473476,1.1952365707867971,0.2732312961117544,1,1,0.0,0.0,1.0,0.0
1,1,1,0,-0.5644532560461814,-0.17198177847538126,0.2732312961117544,0,1,0.0,1.0,0.0,0.0
1,0,0,0,-0.3041349210764754,-0.7783133942351299,0.2732312961117544,0,0,0.0,0.0,1.0,0.0
1,1,0,0,2.1181853437832308,4.215005794374565,0.2732312961117544,2,0,0.0,1.0,0.0,0.0
1,1,0,1,-0.13441195378345122,0.17279502264290716,0.2732312961117544,1,1,0.0,0.0,1.0,0.0
1,0,0,0,-0.4863086079778681,-0.8377576702900073,0.2732312961117544,2,0,1.0,0.0,0.0,0.0
1,0,1,0,-0.4430587398645879,-0.5880917108595225,0.2732312961117544,1,1,1.0,0.0,0.0,0.0
1,1,1,0,-0.011543010279814025,0.48190525812826923,0.2732312961117544,2,1,0.0,1.0,0.0,0.0
1,0,1,0,-0.28054408392377705,-0.421647737905866,0.2732312961117544,0,1,1.0,0.0,0.0,0.0
0,0,1,1,1.9428923177180415,0.9455706113563123,0.2732312961117544,1,1,1.0,0.0,0.0,0.0
1,1,0,0,-0.2959436581762329,-0.3146480410070868,0.2732312961117544,0,0,1.0,0.0,0.0,0.0
0,1,0,0,-0.34034030309554714,-0.4810920139607433,-4.014071330210684,1,1,0.0,1.0,0.0,0.0
1,1,1,0,-0.45927744040706797,-0.4573143035387924,0.2732312961117544,0,1,1.0,0.0,0.0,0.0
1,1,0,0,-0.12753129294724755,-0.4097588826948905,-5.132498102294799,2,1,1.0,0.0,0.0,0.0
1,1,0,1,-0.41094898929563733,-0.599980566070498,0.2732312961117544,1,1,0.0,1.0,0.0,0.0
1,0,0,0,0.1440909848247931,0.7553489279807049,0.2732312961117544,0,0,1.0,0.0,0.0,0.0
0,0,0,0,-0.7795558198065489,-0.3859811722729396,2.1372759162519452,0,1,1.0,0.0,0.0,0.0
0,0,0,0,-0.36769912118235704,-0.5405362900156206,0.2732312961117544,1,1,1.0,0.0,0.0,0.0
1,1,0,0,-0.08821323102608364,0.7434600727697294,0.2732312961117544,1,1,0.0,0.0,1.0,0.0
1,1,1,0,-0.22173081630003605,-0.08875979199855304,0.2732312961117544,0,0,0.0,1.0,0.0,0.0
1,1,1,0,-0.26039357718918055,-0.25520376495220953,-0.6587910139583409,1,1,1.0,0.0,0.0,0.0
1,1,0,0,-0.31019645562265485,1.1595700051538707,0.2732312961117544,0,1,0.0,0.0,1.0,0.0
1,1,0,0,2.5277484887953547,3.977228690155056,0.2732312961117544,2,1,1.0,0.0,0.0,0.0
1,0,0,0,-0.2982372117883008,-0.5880917108595225,0.2732312961117544,2,0,1.0,0.0,0.0,0.0
1,1,0,1,-0.4791002966256548,0.5056829685502201,0.2732312961117544,2,1,1.0,0.0,0.0,0.0
0,0,0,0,1.2874274604406384,-1.2538676026741484,0.2732312961117544,2,1,0.0,1.0,0.0,0.0
1,0,1,0,-0.29577983291822807,-0.5405362900156206,0.2732312961117544,0,0,1.0,0.0,0.0,0.0
1,1,0,0,0.10837707857973587,1.2427919916306989,0.2732312961117544,1,1,0.0,1.0,0.0,0.0
1,1,0,0,-0.3473847891897557,0.030128760111201604,0.2732312961117544,2,1,0.0,0.0,1.0,0.0
1,1,0,0,-0.5362753116693473,-0.8972019463448846,-2.5228356340985316,1,0,1.0,0.0,0.0,0.0
1,0,0,0,0.06742076407852347,1.9680121595002023,0.2732312961117544,0,0,1.0,0.0,0.0,0.0
1,1,0,0,-0.3174047669748682,0.05390647053315253,0.2732312961117544,0,1,0.0,0.0,0.0,1.0
0,1,0,0,-0.5524940122118274,-0.3859811722729396,2.1372759162519452,1,1,0.0,0.0,1.0,0.0
1,1,1,0,-0.3816242681127693,-0.26709262016318497,0.2732312961117544,1,0,1.0,0.0,0.0,0.0
1,0,0,0,-0.11802942798296626,0.47001640291729374,0.2732312961117544,1,0,1.0,0.0,0.0,0.0
0,0,1,0,-0.3282172340031883,-0.599980566070498,0.2732312961117544,0,0,1.0,0.0,0.0,0.0
1,1,1,0,-0.5261181456730466,-1.1944233266192712,0.2732312961117544,1,1,0.0,0.0,1.0,0.0
1,0,0,0,-0.4756599662075529,-1.0755347745095165,0.2732312961117544,1,1,1.0,0.0,0.0,0.0
1,1,0,1,0.044812878473854234,-0.5405362900156206,0.2732312961117544,0,1,0.0,0.0,0.0,1.0
1,1,0,1,0.41686003940286764,3.977228690155056,0.2732312961117544,0,1,0.0,0.0,1.0,0.0
1,0,0,0,-0.11852090375698081,-0.3027591857961114,0.2732312961117544,1,0,1.0,0.0,0.0,0.0
1,1,0,1,1.9817189038651908,3.0261202732770185,0.2732312961117544,0,1,0.0,0.0,1.0,0.0
1,1,0,0,-0.2667827622513697,-0.421647737905866,0.2732312961117544,1,1,1.0,0.0,0.0,0.0
1,1,1,0,-0.019406622664046805,0.18468387785388263,0.2732312961117544,1,1,0.0,1.0,0.0,0.0
1,0,1,0,-0.44633524502468486,-0.6118694212814735,0.2732312961117544,1,1,0.0,1.0,0.0,0.0
1,0,1,0,0.2260036138272179,-0.18387063368635673,0.2732312961117544,1,1,1.0,0.0,0.0,0.0
1,1,0,0,-0.717302221764706,0.8385709144575331,0.2732312961117544,0,1,1.0,0.0,0.0,0.0
1,1,0,0,-0.1838871817009158,-0.5405362900156206,0.2732312961117544,2,1,0.0,0.0,0.0,1.0
1,0,0,0,-0.2974180854982766,-0.421647737905866,0.2732312961117544,0,0,0.0,0.0,1.0,0.0
1,0,0,0,0.957811041334881,0.6007938102380238,0.2732312961117544,1,0,0.0,1.0,0.0,0.0
0,0,1,1,2.0906627004384157,-0.24331490974123407,0.2732312961117544,2,1,1.0,0.0,0.0,0.0
1,0,1,0,-0.46746870330731044,-0.2314260545302586,0.2732312961117544,0,1,1.0,0.0,0.0,0.0
1,1,0,0,0.11951719612406565,2.122567277242883,0.2732312961117544,2,1,1.0,0.0,0.0,0.0
1,0,0,0,-0.29266715301613594,-0.4573143035387924,0.2732312961117544,1,1,0.0,0.0,1.0,0.0
1,1,1,0,-0.40734483361953067,-0.9447573671887864,0.2732312961117544,0,0,1.0,0.0,0.0,0.0
1,1,0,0,0.16604356939744294,0.13712845700998078,-2.5228356340985316,0,1,0.0,0.0,0.0,1.0
0,1,0,0,-0.13031632233333,-0.06498208157660211,-2.5228356340985316,1,1,0.0,1.0,0.0,0.0
0,0,0,0,-0.5349647096053085,-0.5524251452265961,0.2732312961117544,1,0,1.0,0.0,0.0,0.0
0,0,0,0,-0.2869332689859662,-0.599980566070498,0.2732312961117544,1,1,0.0,1.0,0.0,0.0
1,1,1,0,-0.5184183585468186,-0.20764834410830768,0.2732312961117544,2,1,0.0,1.0,0.0,0.0
0,1,1,0,-0.3909623078190457,-0.5167585795936697,0.2732312961117544,1,1,1.0,0.0,0.0,0.0
1,1,0,0,-0.4317547970622532,0.11335074658802985,0.2732312961117544,0,1,1.0,0.0,0.0,0.0
1,0,1,0,-0.33509789483939195,-0.7783133942351299,-4.759689178266761,1,0,1.0,0.0,0.0,0.0
1,0,0,0,-0.47140050949942686,-0.005537805521724788,0.2732312961117544,0,1,1.0,0.0,0.0,0.0
0,0,0,0,-0.06609682119542894,-0.5048697243826943,0.2732312961117544,1,0,1.0,0.0,0.0,0.0
1,1,0,0,-0.4289697676761708,-0.421647737905866,0.2732312961117544,0,1,1.0,0.0,0.0,0.0
1,1,0,1,0.20142982512649044,-0.3027591857961114,0.2732312961117544,0,0,0.0,0.0,1.0,0.0
1,1,1,0,-0.47697056827159173,-0.3027591857961114,0.2732312961117544,0,1,0.0,1.0,0.0,0.0
1,1,0,0,-0.3391935262895132,0.14901731222095624,0.2732312961117544,2,1,0.0,1.0,0.0,0.0
1,1,1,0,-0.483195928075776,0.4224609820733919,0.2732312961117544,2,0,1.0,0.0,0.0,0.0
1,1,0,0,-0.2965989592082523,-0.1600929232644058,-2.5228356340985316,0,0,1.0,0.0,0.0,0.0
1,1,0,0,0.010573399550840669,-1.4203115756278049,0.2732312961117544,1,1,0.0,1.0,0.0,0.0
0,0,0,0,-0.44830114812074306,-0.730757973391228,0.2732312961117544,2,1,1.0,0.0,0.0,0.0
1,1,0,1,0.7758011796914931,1.3616805437404536,0.2732312961117544,1,1,0.0,0.0,0.0,1.0
1,1,0,0,-0.24843433335482654,0.1965727330648581,0.2732312961117544,1,1,1.0,0.0,0.0,0.0
0,1,0,0,-0.20043353275940562,0.4343498372843674,0.2732312961117544,1,1,1.0,0.0,0.0,0.0
1,1,1,0,-0.28316528805185465,-0.44542544832781694,0.2732312961117544,1,1,0.0,0.0,1.0,0.0
0,1,0,1,2.306748215746812,5.403891315472111,0.2732312961117544,1,1,0.0,1.0,0.0,0.0
1,1,0,0,0.08511389194304723,0.7791266384026558,0.2732312961117544,0,1,1.0,0.0,0.0,0.0
1,0,1,1,0.06496338520845074,-0.1600929232644058,0.2732312961117544,1,1,1.0,0.0,0.0,0.0
1,1,0,0,0.5562753339649946,1.3379028333185026,0.2732312961117544,2,0,0.0,0.0,1.0,0.0
1,1,1,0,-0.15341568371201378,-0.3027591857961114,0.2732312961117544,0,1,1.0,0.0,0.0,0.0
1,0,0,0,-0.3391935262895132,-0.8972019463448846,0.2732312961117544,2,1,1.0,0.0,0.0,0.0
1,1,0,0,-0.3282172340031883,-0.26709262016318497,0.2732312961117544,0,0,0.0,0.0,0.0,1.0
0,0,0,0,-0.49564664768414457,-1.6224221142143878,0.2732312961117544,2,0,1.0,0.0,0.0,0.0
1,1,0,0,-0.3665523443763231,-0.4929808691717188,0.2732312961117544,2,0,1.0,0.0,0.0,0.0
1,1,0,0,-0.32543220461710587,0.48190525812826923,0.2732312961117544,2,1,0.0,1.0,0.0,0.0
1,1,0,0,-0.04709309126686639,0.23223929869778448,0.2732312961117544,2,0,1.0,0.0,0.0,0.0
1,1,0,0,1.8450886386891463,1.5400133719050855,0.2732312961117544,2,1,0.0,0.0,1.0,0.0
1,1,1,0,0.11820659406002686,0.49379411333924467,2.1372759162519452,1,0,0.0,0.0,1.0,0.0
1,1,0,0,0.16424149155938958,0.05390647053315253,0.2732312961117544,1,0,0.0,0.0,0.0,1.0
1,1,0,0,-0.36769912118235704,-0.44542544832781694,-4.014071330210684,2,1,0.0,0.0,1.0,0.0
1,1,0,0,-0.37949453975870623,-0.11253750242050396,0.2732312961117544,1,0,1.0,0.0,0.0,0.0
1,0,0,0,-0.3562313531220176,-0.421647737905866,0.2732312961117544,2,1,1.0,0.0,0.0,0.0
1,1,0,0,-0.5932865014550349,-0.4573143035387924,0.2732312961117544,0,1,0.0,1.0,0.0,0.0
1,0,0,0,-0.3639311402482455,0.18468387785388263,0.2732312961117544,2,1,1.0,0.0,0.0,0.0
1,1,0,0,0.18619407613203942,0.707793507136803,0.2732312961117544,1,1,0.0,0.0,1.0,0.0
1,0,0,0,-0.584439937522773,-0.6594248421253753,0.2732312961117544,2,0,1.0,0.0,0.0,0.0
0,1,0,0,-0.3665523443763231,-1.3014230235180504,0.2732312961117544,1,1,1.0,0.0,0.0,0.0
1,1,0,0,-0.5772316261705597,-1.0042016432436638,0.2732312961117544,0,0,0.0,1.0,0.0,0.0
1,1,0,0,-0.4286421171601611,0.006351049689250676,0.2732312961117544,0,0,0.0,1.0,0.0,0.0
1,1,0,0,-0.1835595311849061,0.31546128517461275,-4.014071330210684,0,0,0.0,1.0,0.0,0.0
1,1,0,0,-0.5089164935825374,-0.4929808691717188,0.2732312961117544,2,1,1.0,0.0,0.0,0.0
0,0,1,0,-0.5305414276391776,-0.8972019463448846,0.2732312961117544,1,1,1.0,0.0,0.0,0.0
1,0,0,0,-0.10705313569664134,-0.6118694212814735,0.2732312961117544,1,1,1.0,0.0,0.0,0.0
1,1,0,1,-0.4386354578984569,-0.46920315874976787,0.2732312961117544,1,0,0.0,0.0,1.0,0.0
1,1,0,0,-0.3937473372051281,-1.063645919298541,-2.5228356340985316,1,1,1.0,0.0,0.0,0.0
1,1,0,1,0.09772843680942066,0.707793507136803,-1.5908133240284363,1,0,0.0,0.0,1.0,0.0
1,0,0,1,0.6476898279317007,1.7421239104916684,0.2732312961117544,1,1,0.0,0.0,0.0,1.0
1,1,0,0,-0.2530214405789623,-0.04120437115465118,-2.5228356340985316,0,1,1.0,0.0,0.0,0.0
1,1,0,1,1.7556400478184984,1.3616805437404536,0.2732312961117544,2,1,1.0,0.0,0.0,0.0
1,0,1,0,-0.2572808972870884,-0.421647737905866,0.2732312961117544,0,1,1.0,0.0,0.0,0.0
1,1,1,1,0.16047351062527804,0.49379411333924467,0.2732312961117544,0,0,0.0,0.0,1.0,0.0
1,0,0,0,-0.39587706555919117,-0.6832025525473262,0.2732312961117544,1,0,1.0,0.0,0.0,0.0
1,1,0,1,0.7469679342826396,0.41057212686241645,0.2732312961117544,0,1,1.0,0.0,0.0,0.0
1,1,0,0,0.061686880048353744,0.553238389394122,0.2732312961117544,2,1,0.0,0.0,1.0,0.0
0,0,0,0,-0.8170718038896595,2.4316775127282453,-2.5228356340985316,2,0,0.0,0.0,0.0,1.0
1,1,1,0,-0.4111128145536422,0.11335074658802985,0.2732312961117544,0,1,1.0,0.0,0.0,0.0
1,1,0,0,0.04907233518198032,-0.20764834410830768,0.2732312961117544,2,1,0.0,0.0,0.0,1.0
1,0,0,0,-0.2830014627938498,0.31546128517461275,0.2732312961117544,0,1,1.0,0.0,0.0,0.0
0,1,0,0,1.0806799848385182,4.167450373530663,0.2732312961117544,1,1,0.0,1.0,0.0,0.0
1,1,1,0,-0.4920424920080379,-0.3027591857961114,-2.5228356340985316,2,0,1.0,0.0,0.0,0.0
1,1,0,0,-0.3282172340031883,0.3273501403855882,0.2732312961117544,1,1,0.0,1.0,0.0,0.0
1,1,1,0,-0.23205180755434157,0.13712845700998078,0.2732312961117544,0,1,0.0,0.0,1.0,0.0
1,1,0,0,-0.355739877348003,-0.44542544832781694,0.2732312961117544,0,1,1.0,0.0,0.0,0.0
0,0,0,0,-0.4101298630056131,-0.8853130911339091,0.2732312961117544,0,1,1.0,0.0,0.0,0.0
1,1,0,0,-0.21255660185176448,-1.2538676026741484,-2.5228356340985316,0,1,0.0,0.0,0.0,1.0
1,1,0,0,0.437174371395469,1.2784585572636253,0.2732312961117544,2,1,0.0,1.0,0.0,0.0
1,1,0,0,0.35706382023109756,0.49379411333924467,0.2732312961117544,2,1,0.0,0.0,1.0,0.0
0,0,0,1,-0.13441195378345122,-0.14820406805343034,0.2732312961117544,1,0,1.0,0.0,0.0,0.0
